{
  "notes": "Task1: partial correlations controlling for Age and OLS with Age as control (no external libs).",
  "partial_corr_minik_dsm5_age": {
    "r": -0.5133967089581959,
    "p": 4.345412918382863e-11,
    "n": 138,
    "df": 135
  },
  "ols_dsm5_minik_age": {
    "n": 138,
    "coef": -0.6417727901055619,
    "se": 0.09232626118030485,
    "t": -6.9511402487341885,
    "p": 3.623323863166661e-12,
    "beta_std": -0.495621988962976,
    "r2": 0.40178674848368867,
    "adj_r2": 0.3929243299427063
  },
  "partial_corr_hkss_dsm5_age": {
    "r": -0.4087536182438978,
    "p": 4.5602376852471593e-07,
    "n": 138,
    "df": 135
  },
  "ols_dsm5_hkss_age": {
    "n": 138,
    "coef": -0.41408285947128887,
    "se": 0.07957204685659583,
    "t": -5.203873418231229,
    "p": 1.951769763586242e-07,
    "beta_std": -0.3875525095265038,
    "r2": 0.32340039074241156,
    "adj_r2": 0.31337669282748437
  }
}