{
  "normality": {
    "totinc": {
      "skewness": 7.194452674507045,
      "kurtosis_fisher": 69.90056953188048
    }
  },
  "task1": {
    "full": {
      "mixedlm": {
        "n": 1295,
        "coef": 4435.568640478259,
        "se": 1335.6294334563738,
        "z": 3.3209575420929354,
        "pvalue": 0.0008970918328470466,
        "ci95": [
          1817.7830542121296,
          7053.354226744388
        ]
      },
      "ols": {
        "n": 1295,
        "coef": 3533.415967711374,
        "se": 710.610550943738,
        "t": 4.97236631656927,
        "pvalue": 7.502457389311065e-07,
        "ci95": [
          2139.339920851075,
          4927.492014571673
        ]
      }
    },
    "no_outliers": {
      "mixedlm": {
        "n": 1211,
        "coef": -4552.015599220038,
        "se": 49298397045.27718,
        "z": -9.233597585413021e-08,
        "pvalue": 0.9999999263265504,
        "ci95": [
          -96623087256.3147,
          96623078152.28351
        ]
      },
      "ols": {
        "n": 1211,
        "coef": 924.88898500303,
        "se": 478.1211504287268,
        "t": 1.9344239094499178,
        "pvalue": 0.053294117344040735,
        "ci95": [
          -13.15033204847407,
          1862.928302054534
        ]
      }
    }
  },
  "task2": {
    "full": {
      "mixedlm": {
        "n": 1295,
        "coef": 4435.568640478259,
        "se": 1335.6294334563738,
        "z": 3.3209575420929354,
        "pvalue": 0.0008970918328470466,
        "ci95": [
          1817.7830542121296,
          7053.354226744388
        ]
      },
      "ols": {
        "n": 1295,
        "coef": 3533.415967711374,
        "se": 710.610550943738,
        "t": 4.97236631656927,
        "pvalue": 7.502457389311065e-07,
        "ci95": [
          2139.339920851075,
          4927.492014571673
        ]
      }
    },
    "no_outliers": {
      "mixedlm": {
        "n": 1211,
        "coef": -4552.015599220038,
        "se": 49298397045.27718,
        "z": -9.233597585413021e-08,
        "pvalue": 0.9999999263265504,
        "ci95": [
          -96623087256.3147,
          96623078152.28351
        ]
      },
      "ols": {
        "n": 1211,
        "coef": 924.88898500303,
        "se": 478.1211504287268,
        "t": 1.9344239094499178,
        "pvalue": 0.053294117344040735,
        "ci95": [
          -13.15033204847407,
          1862.928302054534
        ]
      }
    }
  }
}