{
  "n_obs": 465,
  "params": {
    "const": -0.19304232693081255,
    "passage_C1": -0.2573381965159318,
    "passage_C2": 0.18001704664957163,
    "FonGroup_c": -2.047687507000867,
    "int_C1_FG": -0.018622086586185294,
    "int_C2_FG": 0.3380581937169354
  },
  "pvalues": {
    "const": 0.08571537959104703,
    "passage_C1": 0.0756036511196801,
    "passage_C2": 0.016403901828324425,
    "FonGroup_c": 7.927815892478542e-20,
    "int_C1_FG": 0.9487410247561369,
    "int_C2_FG": 0.024238802717928203
  },
  "bse": {
    "const": 0.1123354347017271,
    "passage_C1": 0.1448336310936886,
    "passage_C2": 0.07501326321190437,
    "FonGroup_c": 0.22467086940345424,
    "int_C1_FG": 0.28966726218737743,
    "int_C2_FG": 0.15002652642380868
  },
  "llf": -269.29004433419163,
  "df_model": 5.0,
  "df_resid": 459.0,
  "notes": "Key test for claim in 3-level model: interaction on int_C2_FG (second Helmert contrast x FonGroup)."
}