{
  "n_obs": 782,
  "params": {
    "const": -0.18249982686695243,
    "passage_C1": -0.2573381965159317,
    "passage_C2": 0.08448444036882641,
    "passage_C3": 0.018702208035783915,
    "passage_C4": 0.08737289830882082,
    "FonGroup_c": -1.9238187655326846,
    "int_C1_FG": -0.018622086586184635,
    "int_C2_FG": 0.2888196284259996,
    "int_C3_FG": 0.035045395267694616,
    "int_C4_FG": 0.13806191149142216
  },
  "pvalues": {
    "const": 0.02942020154448761,
    "passage_C1": 0.07560365111968027,
    "passage_C2": 0.25807513848471486,
    "passage_C3": 0.7252625104271004,
    "passage_C4": 0.026535260491675688,
    "FonGroup_c": 1.688539779895514e-30,
    "int_C1_FG": 0.9487410247561386,
    "int_C2_FG": 0.05321841311706485,
    "int_C3_FG": 0.7419515387842457,
    "int_C4_FG": 0.07966923693289181
  },
  "bse": {
    "const": 0.08379970951191777,
    "passage_C1": 0.14483363109368863,
    "passage_C2": 0.0747020320950147,
    "passage_C3": 0.05321678893047085,
    "passage_C4": 0.039387551212584755,
    "FonGroup_c": 0.16759941902383552,
    "int_C1_FG": 0.2896672621873774,
    "int_C2_FG": 0.1494040641900294,
    "int_C3_FG": 0.10643357786094165,
    "int_C4_FG": 0.07877510242516948
  },
  "llf": -461.55823878429044,
  "df_model": 9.0,
  "df_resid": 772.0,
  "notes": "Key test for claim in 5-level model: interaction on int_C4_FG (fourth Helmert contrast x FonGroup)."
}