{
  "task": "Task1",
  "analysis": "Group means comparison of complaints_2008 by first_A",
  "dataset": "final_data.dta",
  "groups": {
    "first_A==0": {
      "n": 1998,
      "mean_complaints_2008": 0.24824824824824826,
      "sd": 2.055181279004066
    },
    "first_A==1": {
      "n": 295,
      "mean_complaints_2008": 1.3389830508474576,
      "sd": 4.798703656762525
    }
  },
  "contrast": {
    "difference_in_means": 1.0907348025992094,
    "ratio_mean_firstA1_over_firstA0": 5.393726079825041
  }
}