{
  "plan_id": "study",
  "steps": [
    {
      "name": "prepare-env",
      "ok": true
    },
    {
      "name": "run-analysis-0",
      "ok": true,
      "exit_code": 0,
      "stdout": "{\n  \"notes\": \"Task1: partial correlations controlling for Age and OLS with Age as control (no external libs).\",\n  \"partial_corr_minik_dsm5_age\": {\n    \"r\": -0.5133967089581959,\n    \"p\": 4.345412918382863e-11,\n    \"n\": 138,\n    \"df\": 135\n  },\n  \"ols_dsm5_minik_age\": {\n    \"n\": 138,\n    \"coef\": -0.6417727901055619,\n    \"se\": 0.09232626118030485,\n    \"t\": -6.9511402487341885,\n    \"p\": 3.623323863166661e-12,\n    \"beta_std\": -0.495621988962976,\n    \"r2\": 0.40178674848368867,\n    \"adj_r2\": 0.3929243299427063\n  },\n  \"partial_corr_hkss_dsm5_age\": {\n    \"r\": -0.4087536182438978,\n    \"p\": 4.5602376852471593e-07,\n    \"n\": 138,\n    \"df\": 135\n  },\n  \"ols_dsm5_hkss_age\": {\n    \"n\": 138,\n    \"coef\": -0.41408285947128887,\n    \"se\": 0.07957204685659583,\n    \"t\": -5.203873418231229,\n    \"p\": 1.951769763586242e-07,\n    \"beta_std\": -0.3875525095265038,\n    \"r2\": 0.32340039074241156,\n    \"adj_r2\": 0.31337669282748437\n  }\n}\n",
      "stderr": "",
      "artifacts": [],
      "entry": "data/task1_analysis__py.py",
      "resolved_path": "/workspace/data/task1_analysis__py.py"
    },
    {
      "name": "run-analysis-1",
      "ok": true,
      "exit_code": 0,
      "stdout": "{\n  \"notes\": \"Task2: partial correlation between MiniK_Total and DSM5_Total controlling Age (no external libs).\",\n  \"partial_corr_minik_dsm5_age\": {\n    \"r\": -0.5133967089581959,\n    \"p\": 4.345412918382863e-11,\n    \"n\": 138,\n    \"df\": 135\n  }\n}\n",
      "stderr": "",
      "artifacts": [],
      "entry": "data/task2_analysis__py.py",
      "resolved_path": "/workspace/data/task2_analysis__py.py"
    }
  ],
  "ok": true
}