{
  "spearman": {
    "rho": 0.12674853348402929,
    "p_value": 0.003928712278844366,
    "n": 516,
    "direction": "positive"
  },
  "t_test_median_split": {
    "t_value": -2.118491520594672,
    "p_value": 0.0346130000894935,
    "n_low": 258,
    "n_high": 258
  },
  "notes": {
    "filter": "cpl < 10",
    "data_rows": 516,
    "vf_columns": 50,
    "denominator_rows_for_cooccurrence": 516
  }
}