{
  "model": "OLS",
  "formula": "scale(complaints_2008) ~ first_A + scale(num_names_2008)",
  "n_obs": 2293,
  "r_squared": 0.24416831876854517,
  "coef_first_A": 0.015396584159805077,
  "p_first_A": 0.7849495494846355,
  "coef_num_names_z": 0.49269355832009865,
  "p_num_names_z": 1.7387035218184324e-131
}