{
  "descriptives": {
    "MiniK_Total": {
      "mean": 14.622028985507246,
      "sd": 11.251540505032189,
      "n": 138
    },
    "HKSS_Total": {
      "mean": 87.3445652173913,
      "sd": 13.635969507450667,
      "n": 138
    },
    "DSM5_Total": {
      "mean": 40.10021739130435,
      "sd": 14.56943538362594,
      "n": 138
    }
  },
  "partial_correlations": {
    "MiniK_Total_with_DSM5_Total_ctrl_Age": {
      "r": -0.5133967089581962,
      "t": -6.951140248734193,
      "df": 135,
      "p": 1.4066721060768704e-10
    },
    "HKSS_Total_with_DSM5_Total_ctrl_Age": {
      "r": -0.40875361824389805,
      "t": -5.203873418231201,
      "df": 135,
      "p": 7.090178815755034e-07
    }
  }
}