{"ttest_complaints_by_first_A": {"t_stat": 3.85215463277884, "p_value": 0.0001422787961949828, "n_group0": 1998, "n_group1": 295, "mean_group0": 0.24824824824824826, "mean_group1": 1.3389830508474576}, "chi2_complaints_bin_by_first_A": {"chi2": 64.19274621890098, "p_value": 1.1282337585708776e-15, "dof": 1, "table": {"0.0": {"0": 1821, "1": 177}, "1.0": {"0": 223, "1": 72}}}, "logit_models": {"logit_simple": {"params": {"Intercept": -2.3309913471537813, "first_A": 1.2004856947097182}, "bse": {"Intercept": 0.07873287962125068, "first_A": 0.15675477713638797}, "pvalues": {"Intercept": 1.238788439513551e-192, "first_A": 1.8831134607153202e-14}, "nobs": 2293, "llf": -761.8601701645231}, "logit_controls": {"params": {"Intercept": -3.379222862792116, "first_A": 0.6160928399981428, "ad_spend_k": 0.03175344583397201, "firm_age": 0.013829755410631136, "chicago": 0.38492862400777034, "emp_size": 0.013409904912592831, "multiple_names": 1.9816563369758382}, "bse": {"Intercept": 0.19776551072354204, "first_A": 0.1894015154796485, "ad_spend_k": 0.005260315188469772, "firm_age": 0.008534248273540046, "chicago": 0.17259600251651977, "emp_size": 0.0035849749466125777, "multiple_names": 0.1741011813075958}, "pvalues": {"Intercept": 1.8541577996683648e-65, "first_A": 0.0011425778263947264, "ad_spend_k": 1.5757563239526694e-09, "firm_age": 0.1051247613278582, "chicago": 0.02573223859466326, "emp_size": 0.00018359215808768346, "multiple_names": 5.128298035198344e-30}, "nobs": 2293, "llf": -643.9170887363471}}, "poisson_models": {"poisson_simple": {"params": {"Intercept": -1.3933260324835568, "first_A": 1.6852364410448541}, "bse": {"Intercept": 0.044901325506693485, "first_A": 0.06743718998621258}, "pvalues": {"Intercept": 2.0688697045185542e-211, "first_A": 7.907876574932012e-138}, "nobs": 2293, "pearson_overdispersion": 17.0378473812076}, "poisson_controls": {"params": {"Intercept": -2.8228266888629867, "first_A": 0.6140053843412263, "ad_spend_k": 0.04592420158155166, "firm_age": 0.00014851883046428484, "chicago": 0.8623865104023951, "emp_size": 0.007062660967743769, "multiple_names": 1.4921824474521732}, "bse": {"Intercept": 0.11349137487142673, "first_A": 0.0793924132266956, "ad_spend_k": 0.0017963599313061763, "firm_age": 0.004149005590992133, "chicago": 0.10464863000750227, "emp_size": 0.0007498262551950371, "multiple_names": 0.08272124765256371}, "pvalues": {"Intercept": 1.4726208443828062e-136, "first_A": 1.0437947573673195e-14, "ad_spend_k": 3.726226603733979e-144, "firm_age": 0.9714448253179919, "chicago": 1.710892032249317e-16, "emp_size": 4.55129965138113e-21, "multiple_names": 9.68222278404001e-73}, "nobs": 2293, "pearson_overdispersion": 12.955150346108153}}, "zip_models": {"zip_simple": {"params": {"inflate_const": 2.2453264962260464, "inflate_first_A": -1.1204496005544082, "const": 0.9526504258293711, "first_A": 0.7453164810418342}, "bse": {"inflate_const": 0.07935681548641726, "inflate_first_A": 0.15723015427353582, "const": 0.049966621879497145, "first_A": 0.07133219298754642}, "pvalues": {"inflate_const": 4.089297267153542e-176, "inflate_first_A": 1.0319646943712458e-12, "const": 4.863847515796533e-81, "first_A": 1.4881556023864534e-25}, "nobs": 2293}, "zip_controls": {"params": {"inflate_const": 2.747917904437886, "inflate_first_A": -0.5227069750914627, "inflate_ad_spend_k": -0.024257396199728894, "inflate_firm_age": -0.01927191258643336, "inflate_chicago": 0.04948878030706308, "inflate_emp_size": -0.012409064682143343, "inflate_multiple_names": -1.959495471410735, "const": -0.29983947546739836, "first_A": 0.3060499629324372, "ad_spend_k": 0.03371398725096931, "firm_age": -0.011693613046021544, "chicago": 0.891543118258894, "emp_size": 0.004270998686921918, "multiple_names": 0.188532325854703}, "bse": {"inflate_const": 0.20851380363915487, "inflate_first_A": 0.19629626252032217, "inflate_ad_spend_k": 0.005346013800161197, "inflate_firm_age": 0.008879382513250078, "inflate_chicago": 0.18324922300460855, "inflate_emp_size": 0.0036926800730182527, "inflate_multiple_names": 0.18596757793982627, "const": 0.13088115690774169, "first_A": 0.08290848042014823, "ad_spend_k": 0.0019060239986514848, "firm_age": 0.004361886773122407, "chicago": 0.11933642858731407, "emp_size": 0.0007520806659388306, "multiple_names": 0.0842579380161767}, "pvalues": {"inflate_const": 1.1654890101944584e-39, "inflate_first_A": 0.007748256348706625, "inflate_ad_spend_k": 5.6932169146720445e-06, "inflate_firm_age": 0.029975697748947105, "inflate_chicago": 0.7871120157631446, "inflate_emp_size": 0.0007781577209693218, "inflate_multiple_names": 5.847988190303503e-26, "const": 0.02196750380291468, "first_A": 0.00022300617403032196, "ad_spend_k": 5.1771259090724284e-70, "firm_age": 0.007343296551476516, "chicago": 7.968574482558462e-14, "emp_size": 1.3555548936276572e-08, "multiple_names": 0.025249658628234608}, "nobs": 2293}, "zip_margins_atmeans_simple_first_A": {"0": 0.24824746475076823, "1": 1.3389821054749314}, "zip_margins_atmeans_controls_first_A": {"0": 0.14601365382635884, "1": 0.31194876652945924}}, "nb_models": {"nb_simple": {"params": {"Intercept": -1.3933260324835763, "first_A": 1.6852364410448861}, "bse": {"Intercept": 0.05016601969780979, "first_A": 0.09185915983902156}, "pvalues": {"Intercept": 8.86780910235168e-170, "first_A": 3.561623159491387e-75}, "nobs": 2293}, "nb_controls": {"params": {"Intercept": -2.7741500364088174, "first_A": 0.6899166706776174, "ad_spend_k": 0.04342150933539188, "firm_age": -0.005346316720966688, "chicago": 0.8212436254686398, "emp_size": 0.01270270694762512, "multiple_names": 1.5126971653345445}, "bse": {"Intercept": 0.14212312444840242, "first_A": 0.12122047762034442, "ad_spend_k": 0.0030291208939496007, "firm_age": 0.005815915081048941, "chicago": 0.1289033695681009, "emp_size": 0.0017296837636700461, "multiple_names": 0.1174255206477691}, "pvalues": {"Intercept": 7.519873968168259e-85, "first_A": 1.2598706052761611e-08, "ad_spend_k": 1.3283815986568772e-46, "firm_age": 0.3579615166133163, "chicago": 1.87797191766282e-10, "emp_size": 2.0738432242965892e-13, "multiple_names": 5.670780035320368e-38}, "nobs": 2293}, "nb_margins_atmeans_controls_first_A": {"0": 0.15295434420001086, "1": 0.3049220419027547}}}