{"ttest": {"t_stat": 3.85215463277884, "p_value": 0.0001422787961949828, "n0": 1998, "n1": 295}, "nbreg": {"coef_first_A": 1.6852364410448861, "se_first_A": 0.09185915983902156, "z_first_A": 18.345872572731736, "df_model": 1, "p_first_A": 3.561623159491387e-75}}