{
  "poisson_robust": {
    "coef_first_A_ec": 0.4308801711881414,
    "se_first_A_ec": 0.22415809917349336,
    "z_first_A_ec": 1.922215493336468,
    "p_first_A_ec": 0.05457864810762669,
    "ci_first_A_ec": [
      -0.008469703191905542,
      0.8702300455681884
    ],
    "irr_first_A_ec": 1.538611168961719,
    "irr_ci_first_A_ec": [
      0.9915660636946385,
      2.3874600149514453
    ]
  }
}